{"cameraMode":{"drawMode":0,"name":"Shaded","section":"Shading Mode"},"sceneLighting":false,"audioPlay":false,"sceneViewState":{"m_AlwaysRefresh":false,"showFog":true,"showSkybox":true,"showFlares":true,"showImageEffects":true,"showParticleSystems":true,"showVisualEffectGraphs":true,"m_FxEnabled":false},"in2DMode":false,"pivot":{"x":-187.77076721191407,"y":-158.34689331054688,"z":318.96588134765627},"rotation":{"x":-0.019766323268413545,"y":0.928661584854126,"z":-0.05001577362418175,"w":-0.3670087456703186},"size":14.341466903686524,"orthographic":false}