{"cameraMode":{"drawMode":2,"name":"Shaded Wireframe","section":"Shading Mode"},"sceneLighting":false,"audioPlay":false,"sceneViewState":{"m_AlwaysRefresh":false,"showFog":true,"showSkybox":true,"showFlares":true,"showImageEffects":true,"showParticleSystems":true,"showVisualEffectGraphs":true,"m_FxEnabled":false},"in2DMode":false,"pivot":{"x":-0.023896753787994386,"y":1.8539443016052247,"z":0.00012859702110290527},"rotation":{"x":0.14670699834823609,"y":-0.31618669629096987,"z":0.04934655502438545,"w":0.9360510110855103},"size":0.9748676419258118,"orthographic":true}